# x_m,y_m,w_tr_right_m,w_tr_left_m
1185.982,-896.573,5.566,5.566
1191.410,-886.151,5.548,5.548
1196.493,-876.563,5.522,5.522
1200.858,-868.459,5.526,5.526
1204.456,-861.840,5.547,5.547
1207.285,-856.706,5.579,5.579
1209.961,-851.944,5.625,5.625
1212.867,-846.720,5.666,5.666
1216.067,-840.882,5.695,5.695
1219.575,-834.430,5.699,5.699
1223.250,-827.670,5.674,5.674
1226.578,-821.525,5.658,5.658
1229.599,-815.995,5.646,5.646
1232.326,-811.066,5.654,5.654
1234.759,-806.700,5.700,5.700
1237.012,-802.437,5.732,5.732
1239.124,-798.123,5.803,5.803
1240.968,-793.770,5.920,5.920
1242.171,-789.571,6.030,6.030
1242.440,-785.461,6.151,6.151
1241.710,-781.403,6.249,6.249
1240.046,-777.396,6.219,6.219
1237.934,-773.222,6.136,6.136
1236.257,-768.511,6.027,6.027
1235.745,-763.454,5.886,5.886
1236.692,-757.923,5.802,5.802
1239.291,-751.676,5.756,5.756
1243.093,-745.198,5.743,5.743
1247.740,-738.272,5.767,5.767
1252.925,-730.885,5.797,5.797
1258.341,-723.408,5.813,5.813
1264.319,-715.394,5.834,5.834
1270.823,-707.060,5.806,5.806
1277.659,-698.943,5.818,5.818
1284.867,-691.262,5.904,5.904
1291.947,-684.694,6.034,6.034
1298.246,-679.906,6.193,6.193
1303.904,-676.232,6.339,6.339
1308.884,-673.198,6.345,6.345
1313.199,-670.330,6.247,6.247
1317.167,-666.873,6.118,6.118
1321.034,-662.623,5.991,5.991
1325.118,-657.412,5.887,5.887
1329.534,-651.318,5.839,5.839
1334.476,-644.456,5.822,5.822
1339.904,-636.980,5.724,5.724
1345.153,-629.516,5.671,5.671
1349.736,-622.680,5.653,5.653
1353.667,-616.445,5.683,5.683
1356.842,-610.786,5.805,5.805
1359.517,-605.588,5.988,5.988
1362.065,-600.480,6.223,6.223
1364.498,-595.385,6.506,6.506
1366.904,-590.213,6.846,6.846
1369.324,-584.951,7.000,7.000
1371.705,-579.613,7.000,7.000
1374.035,-574.210,7.000,7.000
1376.263,-568.897,7.000,7.000
1378.234,-563.930,7.000,7.000
1379.899,-559.257,7.000,7.000
1381.333,-554.840,7.000,7.000
1382.523,-550.641,7.000,7.000
1383.509,-546.493,7.000,7.000
1384.367,-542.345,7.000,7.000
1385.084,-538.197,7.000,7.000
1385.609,-534.049,7.000,7.000
1385.954,-529.901,7.000,7.000
1386.005,-525.753,7.000,7.000
1385.788,-521.605,7.000,7.000
1385.353,-517.457,7.000,7.000
1384.738,-513.309,7.000,7.000
1384.162,-509.161,7.000,7.000
1383.752,-505.013,7.000,7.000
1383.778,-500.712,7.000,7.000
1384.316,-496.205,7.000,7.000
1385.314,-491.494,7.000,7.000
1386.684,-486.578,7.000,7.000
1388.182,-481.560,7.000,7.000
1389.321,-476.746,7.000,7.000
1390.102,-472.137,7.000,7.000
1390.525,-467.733,7.000,7.000
1390.602,-463.534,7.000,7.000
1390.602,-459.386,7.000,7.000
1390.602,-455.238,7.000,7.000
1390.602,-451.090,7.000,7.000
1390.602,-446.942,7.000,7.000
1390.602,-442.794,7.000,7.000
1390.704,-438.569,7.000,7.000
1391.254,-434.037,7.000,7.000
1392.266,-429.198,7.000,7.000
1393.738,-424.051,7.000,7.000
1395.710,-418.598,7.000,7.000
1397.553,-413.298,7.000,7.000
1399.000,-408.305,7.000,7.000
1400.088,-403.619,7.000,7.000
1400.792,-399.241,7.000,7.000
1401.151,-395.093,7.000,7.000
1401.548,-390.945,7.000,7.000
1401.919,-386.797,7.000,7.000
1402.277,-382.649,7.000,7.000
1402.636,-378.501,7.000,7.000
1402.917,-374.353,7.000,7.000
1403.148,-370.205,7.000,7.000
1403.353,-366.057,7.000,7.000
1403.481,-361.909,7.000,7.000
1403.660,-357.761,7.000,7.000
1403.916,-353.613,7.000,7.000
1404.185,-349.465,7.000,7.000
1404.543,-345.317,7.000,7.000
1404.953,-341.169,7.000,7.000
1405.401,-336.983,7.000,7.000
1405.888,-332.745,7.000,7.000
1406.284,-328.456,7.000,7.000
1406.489,-324.117,7.000,7.000
1406.412,-319.751,7.000,7.000
1405.939,-315.437,7.000,7.000
1405.158,-311.173,7.000,7.000
1404.185,-306.961,7.000,7.000
1403.071,-302.801,7.000,7.000
1401.919,-298.653,7.000,7.000
1400.818,-294.505,7.000,7.000
1399.832,-290.357,7.000,7.000
1398.987,-286.209,7.000,7.000
1398.411,-282.061,7.000,7.000
1398.078,-277.913,7.000,7.000
1397.912,-273.765,7.000,7.000
1397.860,-269.617,7.000,7.000
1397.860,-265.469,7.000,7.000
1397.860,-261.321,7.000,7.000
1397.860,-257.173,7.000,7.000
1397.860,-253.025,7.000,7.000
1397.873,-248.839,7.000,7.000
1397.950,-244.601,7.000,7.000
1398.257,-240.261,7.000,7.000
1399.179,-235.857,7.000,7.000
1400.920,-231.735,7.000,7.000
1403.609,-228.291,7.000,7.000
1407.321,-225.871,7.000,7.000
1411.572,-224.988,7.000,7.000
1416.027,-225.475,7.000,7.000
1420.495,-226.998,7.000,7.000
1424.848,-229.290,7.000,7.000
1428.970,-232.093,7.000,7.000
1432.977,-235.371,7.000,7.000
1436.780,-239.224,7.000,7.000
1440.236,-243.731,7.000,7.000
1443.232,-248.698,7.000,7.000
1445.844,-253.921,7.000,7.000
1448.084,-259.029,7.000,7.000
1450.017,-263.869,7.000,7.000
1451.797,-268.990,7.000,7.000
1453.166,-275.890,7.000,7.000
1453.858,-284.545,7.000,7.000
1453.653,-294.863,7.000,7.000
1452.258,-306.641,7.000,7.000
1449.710,-316.589,7.000,7.000
1446.343,-323.707,7.000,7.000
1442.451,-328.047,7.000,7.000
1438.303,-329.673,7.000,7.000
1434.654,-329.263,7.000,7.000
1433.208,-328.559,7.000,7.000
1434.373,-327.714,7.000,7.000
1438.559,-326.907,7.000,7.000
1446.164,-326.254,7.000,7.000
1454.460,-325.858,7.000,7.000
1462.141,-325.755,7.000,7.000
1468.760,-326.024,7.000,7.000
1473.906,-326.946,7.000,7.000
1477.837,-328.981,7.000,7.000
1481.805,-332.195,7.000,7.000
1485.838,-336.701,7.000,7.000
1490.216,-342.782,7.000,7.000
1494.659,-349.708,7.000,7.000
1499.063,-357.108,7.000,7.000
1503.416,-364.866,7.000,7.000
1507.256,-372.100,7.000,7.000
1510.470,-378.437,7.000,7.000
1513.184,-384.121,7.000,7.000
1515.501,-389.191,7.000,7.000
1517.511,-393.787,7.000,7.000
1519.406,-398.293,7.000,7.000
1521.185,-402.800,7.000,7.000
1522.888,-407.229,7.000,7.000
1524.463,-411.556,7.000,7.000
1525.948,-415.794,7.000,7.000
1527.343,-419.980,7.000,7.000
1528.598,-424.128,7.000,7.000
1529.712,-428.276,7.000,7.000
1530.608,-432.424,7.000,7.000
1531.363,-436.572,7.000,7.000
1531.965,-440.720,7.000,7.000
1532.298,-445.022,7.000,7.000
1532.272,-449.528,7.000,7.000
1531.862,-454.239,7.000,7.000
1530.966,-459.155,7.000,7.000
1529.699,-464.174,7.000,7.000
1528.380,-468.988,7.000,7.000
1527.023,-473.596,7.000,7.000
1525.730,-478.013,7.000,7.000
1524.539,-482.276,7.000,7.000
1523.336,-486.540,7.000,7.000
1522.069,-490.854,7.000,7.000
1520.750,-495.220,7.000,7.000
1519.444,-499.560,7.000,7.000
1518.151,-503.861,7.000,7.000
1516.858,-508.163,7.000,7.000
1515.578,-512.503,7.000,7.000
1514.323,-516.907,7.000,7.000
1513.069,-521.413,7.000,7.000
1511.891,-525.945,7.000,7.000
1510.841,-530.452,7.000,7.000
1510.022,-534.856,7.000,7.000
1509.407,-539.157,7.000,7.000
1509.023,-543.369,7.000,7.000
1508.895,-547.530,7.000,7.000
1508.921,-551.678,7.000,7.000
1509.049,-555.826,7.000,7.000
1509.266,-559.974,7.000,7.000
1509.535,-564.122,7.000,7.000
1509.791,-568.270,7.000,7.000
1510.047,-572.418,7.000,7.000
1510.303,-576.566,7.000,7.000
1510.534,-580.714,7.000,7.000
1510.700,-584.861,7.000,7.000
1510.815,-589.009,7.000,7.000
1510.879,-593.157,7.000,7.000
1510.892,-597.305,7.000,7.000
1510.892,-601.453,7.000,7.000
1510.931,-605.601,7.000,7.000
1511.020,-609.749,7.000,7.000
1511.161,-613.910,7.000,7.000
1511.353,-618.122,7.000,7.000
1511.571,-622.385,7.000,7.000
1511.737,-626.699,7.000,7.000
1511.852,-631.065,7.000,7.000
1511.916,-635.405,7.000,7.000
1511.968,-639.694,7.000,7.000
1512.057,-643.931,7.000,7.000
1512.288,-648.156,7.000,7.000
1512.749,-652.407,7.000,7.000
1513.542,-656.759,7.000,7.000
1514.733,-661.253,7.000,7.000
1516.384,-665.875,7.000,7.000
1518.369,-670.547,7.000,7.000
1520.443,-675.323,7.000,7.000
1521.979,-680.533,7.000,7.000
1522.696,-686.102,7.000,7.000
1522.517,-692.068,7.000,7.000
1521.390,-698.457,7.000,7.000
1520.238,-704.538,7.000,7.000
1519.623,-710.094,7.000,7.000
1519.700,-715.138,7.000,7.000
1520.571,-719.670,7.000,7.000
1522.081,-723.818,7.000,7.000
1523.707,-727.966,7.000,7.000
1525.410,-732.114,7.000,7.000
1527.113,-736.262,7.000,7.000
1528.790,-740.410,7.000,7.000
1530.493,-744.571,7.000,7.000
1532.272,-748.782,7.000,7.000
1534.192,-752.994,7.000,7.000
1536.471,-757.091,7.000,7.000
1539.198,-760.983,7.000,7.000
1542.437,-764.593,7.000,7.000
1546.163,-767.820,7.000,7.000
1550.183,-770.674,7.000,7.000
1554.369,-773.261,7.000,7.000
1558.568,-775.655,7.000,7.000
1562.562,-777.946,7.000,7.000
1566.224,-780.404,7.000,7.000
1569.578,-783.195,7.000,7.000
1572.574,-786.280,7.000,7.000
1575.467,-789.583,7.000,7.000
1578.514,-793.027,7.000,7.000
1581.727,-796.548,7.000,7.000
1585.018,-800.158,7.000,7.000
1588.244,-804.012,7.000,7.000
1591.201,-808.198,6.438,6.438
1594.018,-812.781,6.181,6.181
1596.719,-817.685,6.207,6.207
1599.369,-822.806,6.376,6.376
1601.994,-828.029,6.600,6.600
1604.400,-833.291,6.667,6.667
1606.385,-838.309,6.547,6.547
1608.075,-843.161,6.364,6.364
1609.598,-847.872,6.159,6.159
1610.968,-852.405,5.979,5.979
1612.363,-856.924,5.920,5.920
1613.746,-861.469,5.908,5.908
1614.962,-865.962,5.884,5.884
1615.999,-870.417,5.853,5.853
1616.895,-874.847,5.846,5.846
1617.561,-879.174,5.828,5.828
1618.035,-883.437,5.788,5.788
1618.291,-887.649,5.743,5.743
1618.329,-891.810,5.686,5.686
1618.163,-895.958,5.586,5.586
1617.868,-900.106,5.509,5.509
1617.497,-904.254,5.483,5.483
1617.036,-908.402,5.445,5.445
1616.511,-912.550,5.462,5.462
1615.897,-916.736,5.518,5.518
1615.116,-920.987,5.568,5.568
1614.194,-925.339,5.643,5.643
1613.132,-929.795,5.746,5.746
1611.877,-934.365,5.833,5.833
1610.405,-939.089,5.913,5.913
1608.728,-943.890,5.952,5.952
1606.820,-948.780,5.951,5.951
1604.682,-953.876,5.915,5.915
1602.480,-958.984,5.876,5.876
1600.227,-964.054,5.868,5.868
1597.986,-969.123,5.851,5.851
1595.887,-973.963,5.847,5.847
1593.902,-978.571,5.851,5.851
1591.995,-983.078,5.812,5.812
1590.203,-987.482,5.785,5.785
1588.500,-991.860,5.821,5.821
1586.784,-996.367,5.861,5.861
1585.107,-1001.078,5.900,5.900
1583.456,-1005.994,5.948,5.948
1581.868,-1011.089,5.924,5.924
1580.409,-1016.287,5.885,5.885
1579.154,-1021.318,5.911,5.911
1578.104,-1026.247,6.033,6.033
1577.183,-1031.163,6.218,6.218
1576.338,-1036.118,6.437,6.437
1575.570,-1041.175,6.607,6.607
1574.801,-1046.385,6.616,6.616
1574.059,-1051.417,6.478,6.478
1573.457,-1056.192,6.312,6.312
1572.971,-1060.711,6.121,6.121
1572.587,-1064.974,5.960,5.960
1572.343,-1069.135,5.882,5.882
1572.203,-1073.283,5.845,5.845
1572.113,-1077.431,5.811,5.811
1572.075,-1081.579,5.807,5.807
1572.075,-1085.727,5.807,5.807
1572.075,-1089.875,5.807,5.807
1572.075,-1094.023,5.807,5.807
1572.075,-1098.171,5.807,5.807
1572.075,-1102.319,5.807,5.807
1572.075,-1106.467,5.807,5.807
1572.075,-1110.615,5.807,5.807
1572.075,-1114.763,5.807,5.807
1572.075,-1118.911,5.807,5.807
1572.075,-1123.059,5.807,5.807
1572.075,-1127.206,5.807,5.807
1572.075,-1131.354,5.807,5.807
1572.075,-1135.502,5.807,5.807
1572.075,-1139.650,5.807,5.807
1572.075,-1143.798,5.807,5.807
1572.075,-1147.946,5.807,5.807
1572.075,-1152.094,5.807,5.807
1572.036,-1156.242,5.776,5.776
1571.946,-1160.390,5.705,5.705
1571.806,-1164.538,5.592,5.592
1571.614,-1168.686,5.438,5.438
1571.396,-1172.834,5.264,5.264
1571.230,-1176.982,5.158,5.158
1571.114,-1181.130,5.134,5.134
1571.050,-1185.278,5.192,5.192
1571.038,-1189.426,5.332,5.332
1571.038,-1193.574,5.506,5.506
1571.038,-1197.722,5.643,5.643
1571.038,-1201.870,5.739,5.739
1571.038,-1206.018,5.793,5.793
1570.999,-1210.166,5.776,5.776
1570.909,-1214.313,5.705,5.705
1570.769,-1218.461,5.592,5.592
1570.577,-1222.609,5.438,5.438
1570.359,-1226.757,5.292,5.292
1570.193,-1230.905,5.227,5.227
1570.077,-1235.053,5.244,5.244
1570.013,-1239.201,5.342,5.342
1570.001,-1243.349,5.506,5.506
1569.988,-1247.497,5.633,5.633
1569.924,-1251.645,5.677,5.677
1569.808,-1255.793,5.640,5.640
1569.642,-1259.941,5.520,5.520
1569.424,-1264.089,5.346,5.346
1569.232,-1268.237,5.193,5.193
1569.092,-1272.385,5.088,5.088
1569.002,-1276.533,5.064,5.064
1568.951,-1280.681,5.112,5.112
1568.887,-1284.829,5.191,5.191
1568.772,-1288.977,5.269,5.269
1568.605,-1293.125,5.312,5.312
1568.375,-1297.273,5.300,5.300
1568.119,-1301.421,5.271,5.271
1567.863,-1305.568,5.276,5.276
1567.568,-1309.716,5.319,5.319
1567.184,-1313.903,5.342,5.342
1566.762,-1318.140,5.380,5.380
1566.249,-1322.468,5.407,5.407
1565.622,-1326.936,5.400,5.400
1564.918,-1331.570,5.393,5.393
1564.111,-1336.307,5.417,5.417
1563.164,-1341.121,5.437,5.437
1562.127,-1345.909,5.420,5.420
1561.013,-1350.569,5.382,5.382
1559.861,-1355.101,5.330,5.330
1558.696,-1359.530,5.269,5.269
1557.505,-1363.896,5.226,5.226
1556.289,-1368.249,5.219,5.219
1555.022,-1372.614,5.211,5.211
1553.729,-1376.929,5.220,5.220
1552.410,-1381.192,5.249,5.249
1551.053,-1385.404,5.277,5.277
1549.670,-1389.565,5.294,5.294
1548.275,-1393.712,5.302,5.302
1546.880,-1397.860,5.283,5.283
1545.497,-1402.008,5.243,5.243
1544.165,-1406.156,5.218,5.218
1542.847,-1410.304,5.209,5.209
1541.541,-1414.452,5.226,5.226
1540.210,-1418.600,5.250,5.250
1538.865,-1422.748,5.279,5.279
1537.508,-1426.896,5.308,5.308
1536.126,-1431.044,5.317,5.317
1534.743,-1435.192,5.321,5.321
1533.360,-1439.353,5.313,5.313
1531.978,-1443.565,5.304,5.304
1530.595,-1447.828,5.296,5.296
1529.212,-1452.142,5.287,5.287
1527.830,-1456.508,5.287,5.287
1526.447,-1460.848,5.296,5.296
1525.064,-1465.175,5.317,5.317
1523.682,-1469.502,5.350,5.350
1522.325,-1473.829,5.410,5.410
1521.006,-1478.169,5.485,5.485
1519.713,-1482.535,5.568,5.568
1518.458,-1486.849,5.648,5.648
1517.217,-1491.113,5.710,5.710
1515.949,-1495.325,5.749,5.749
1514.643,-1499.485,5.761,5.761
1513.299,-1503.633,5.766,5.766
1511.929,-1507.781,5.774,5.774
1510.444,-1512.006,5.839,5.839
1508.857,-1516.333,5.918,5.918
1507.205,-1520.763,5.969,5.969
1505.541,-1525.295,5.995,5.995
1503.928,-1529.878,5.943,5.943
1502.532,-1534.397,5.758,5.758
1501.303,-1538.865,5.604,5.604
1500.125,-1543.282,5.453,5.453
1498.960,-1547.648,5.331,5.331
1497.706,-1552.013,5.300,5.300
1496.374,-1556.328,5.308,5.308
1494.992,-1560.591,5.308,5.308
1493.609,-1564.816,5.308,5.308
1492.226,-1569.040,5.304,5.304
1490.844,-1573.304,5.296,5.296
1489.461,-1577.618,5.287,5.287
1488.078,-1581.984,5.287,5.287
1486.696,-1586.323,5.296,5.296
1485.313,-1590.612,5.304,5.304
1483.930,-1594.850,5.313,5.313
1482.548,-1599.036,5.321,5.321
1481.165,-1603.184,5.308,5.308
1479.808,-1607.332,5.296,5.296
1478.464,-1611.480,5.274,5.274
1477.132,-1615.628,5.245,5.245
1475.827,-1619.776,5.232,5.232
1474.508,-1623.924,5.232,5.232
1473.177,-1628.072,5.245,5.245
1471.819,-1632.220,5.266,5.266
1470.450,-1636.368,5.291,5.291
1469.067,-1640.516,5.308,5.308
1467.684,-1644.664,5.317,5.317
1466.302,-1648.812,5.317,5.317
1464.919,-1652.998,5.308,5.308
1463.536,-1657.236,5.300,5.300
1462.154,-1661.524,5.291,5.291
1460.771,-1665.864,5.283,5.283
1459.388,-1670.230,5.291,5.291
1458.006,-1674.544,5.300,5.300
1456.623,-1678.808,5.308,5.308
1455.240,-1683.019,5.317,5.317
1453.858,-1687.180,5.317,5.317
1452.475,-1691.367,5.308,5.308
1451.093,-1695.604,5.300,5.300
1449.710,-1699.893,5.291,5.291
1448.327,-1704.233,5.283,5.283
1446.945,-1708.599,5.291,5.291
1445.562,-1712.913,5.300,5.300
1444.179,-1717.176,5.308,5.308
1442.797,-1721.388,5.317,5.317
1441.414,-1725.549,5.321,5.321
1440.031,-1729.697,5.321,5.321
1438.649,-1733.845,5.317,5.317
1437.266,-1738.031,5.308,5.308
1435.883,-1742.269,5.300,5.300
1434.501,-1746.557,5.291,5.291
1433.118,-1750.897,5.283,5.283
1431.735,-1755.263,5.291,5.291
1430.353,-1759.577,5.300,5.300
1428.970,-1763.841,5.308,5.308
1427.587,-1768.053,5.317,5.317
1426.205,-1772.213,5.317,5.317
1424.822,-1776.400,5.308,5.308
1423.439,-1780.637,5.300,5.300
1422.057,-1784.926,5.291,5.291
1420.674,-1789.266,5.283,5.283
1419.292,-1793.632,5.291,5.291
1417.909,-1797.959,5.304,5.304
1416.526,-1802.286,5.331,5.331
1415.156,-1806.613,5.379,5.379
1413.799,-1810.940,5.440,5.440
1412.468,-1815.306,5.524,5.524
1411.175,-1819.646,5.603,5.603
1409.907,-1823.935,5.677,5.677
1408.627,-1828.172,5.725,5.725
1407.360,-1832.359,5.755,5.755
1406.067,-1836.507,5.768,5.768
1404.735,-1840.655,5.770,5.770
1403.378,-1844.802,5.767,5.767
1402.008,-1848.950,5.765,5.765
1400.626,-1853.098,5.763,5.763
1399.243,-1857.246,5.758,5.758
1397.886,-1861.394,5.748,5.748
1396.542,-1865.542,5.708,5.708
1395.210,-1869.729,5.641,5.641
1393.905,-1873.966,5.558,5.558
1392.586,-1878.255,5.456,5.456
1391.254,-1882.595,5.376,5.376
1389.897,-1886.961,5.329,5.329
1388.528,-1891.275,5.308,5.308
1387.145,-1895.538,5.308,5.308
1385.762,-1899.750,5.304,5.304
1384.405,-1903.911,5.296,5.296
1383.061,-1908.059,5.274,5.274
1381.730,-1912.207,5.245,5.245
1380.424,-1916.355,5.234,5.234
1379.079,-1920.554,5.239,5.239
1377.658,-1924.958,5.261,5.261
1376.135,-1929.567,5.283,5.283
1374.535,-1934.380,5.314,5.314
1372.857,-1939.399,5.321,5.321
1371.232,-1944.315,5.325,5.325
1369.670,-1949.065,5.316,5.316
1368.172,-1953.661,5.298,5.298
1366.751,-1958.103,5.291,5.291
1365.368,-1962.443,5.283,5.283
1363.985,-1966.809,5.291,5.291
1362.603,-1971.123,5.300,5.300
1361.220,-1975.386,5.308,5.308
1359.838,-1979.598,5.317,5.317
1358.455,-1983.759,5.317,5.317
1357.072,-1987.945,5.308,5.308
1355.690,-1992.183,5.300,5.300
1354.307,-1996.472,5.291,5.291
1352.924,-2000.812,5.283,5.283
1351.542,-2005.177,5.291,5.291
1350.185,-2009.492,5.308,5.308
1348.840,-2013.755,5.335,5.335
1347.509,-2017.967,5.373,5.373
1346.203,-2022.127,5.427,5.427
1344.910,-2026.275,5.486,5.486
1343.617,-2030.423,5.554,5.554
1342.311,-2034.571,5.599,5.599
1341.018,-2038.719,5.640,5.640
1339.699,-2042.867,5.658,5.658
1338.368,-2047.015,5.654,5.654
1337.011,-2051.163,5.635,5.635
1335.641,-2055.311,5.620,5.620
1334.258,-2059.459,5.608,5.608
1332.876,-2063.607,5.598,5.598
1331.480,-2067.793,5.604,5.604
1330.072,-2072.031,5.614,5.614
1328.587,-2076.358,5.622,5.622
1326.846,-2080.980,5.663,5.663
1324.337,-2086.434,5.840,5.840
1320.970,-2092.604,6.231,6.231
1316.578,-2099.454,6.893,6.893
1311.201,-2106.712,7.000,7.000
1305.658,-2112.960,7.000,7.000
1300.320,-2117.646,7.000,7.000
1295.352,-2120.590,7.000,7.000
1290.884,-2121.781,7.000,7.000
1286.787,-2121.755,7.000,7.000
1282.691,-2121.410,7.000,7.000
1278.594,-2120.974,6.832,6.832
1274.446,-2120.629,6.436,6.436
1270.234,-2120.424,6.246,6.246
1265.971,-2120.309,6.197,6.197
1261.656,-2120.270,6.181,6.181
1257.291,-2120.424,6.131,6.131
1252.951,-2120.808,6.057,6.057
1248.662,-2121.448,5.990,5.990
1244.348,-2122.511,5.926,5.926
1239.700,-2124.418,5.872,5.872
1234.746,-2127.375,5.827,5.827
1229.561,-2131.485,5.831,5.831
1224.184,-2136.824,5.897,5.897
1219.076,-2142.943,5.995,5.995
1214.851,-2148.999,6.137,6.137
1211.241,-2154.964,6.317,6.317
1208.309,-2160.546,6.370,6.370
1206.030,-2165.654,6.346,6.346
1203.931,-2170.647,6.324,6.324
1201.934,-2175.563,6.276,6.276
1200.205,-2180.211,6.246,6.246
1198.579,-2184.743,6.253,6.253
1196.941,-2189.275,6.256,6.256
1195.353,-2193.807,6.215,6.215
1193.702,-2198.454,6.144,6.144
1191.961,-2203.255,6.074,6.074
1190.207,-2207.979,6.029,6.029
1188.478,-2212.549,6.028,6.028
1186.776,-2216.966,6.056,6.056
1185.060,-2221.229,6.111,6.111
1182.999,-2225.851,6.118,6.118
1180.118,-2231.330,6.059,6.059
1176.137,-2237.693,5.988,5.988
1170.824,-2244.875,5.886,5.886
1164.231,-2252.505,5.783,5.783
1157.318,-2259.137,5.729,5.729
1150.481,-2264.463,5.704,5.704
1144.246,-2268.291,5.677,5.677
1138.805,-2270.633,5.677,5.677
1133.979,-2272.042,5.710,5.710
1129.511,-2272.963,5.734,5.734
1125.209,-2273.616,5.816,5.816
1120.997,-2274.064,5.938,5.938
1116.837,-2274.397,6.083,6.083
1112.689,-2274.679,6.262,6.262
1108.541,-2274.884,6.422,6.422
1104.393,-2275.025,6.533,6.533
1100.245,-2275.076,6.539,6.539
1096.097,-2275.025,6.423,6.423
1091.949,-2274.884,6.194,6.194
1087.801,-2274.692,5.883,5.883
1083.653,-2274.474,5.539,5.539
1079.505,-2274.308,5.276,5.276
1075.357,-2274.193,5.095,5.095
1071.209,-2274.128,4.996,4.996
1067.061,-2274.116,4.978,4.978
1062.913,-2274.154,5.008,5.008
1058.765,-2274.244,5.080,5.080
1054.617,-2274.385,5.193,5.193
1050.469,-2274.577,5.346,5.346
1046.321,-2274.794,5.520,5.520
1042.173,-2274.961,5.654,5.654
1038.025,-2275.076,5.746,5.746
1033.877,-2275.140,5.797,5.797
1029.730,-2275.153,5.807,5.807
1025.582,-2275.153,5.807,5.807
1021.434,-2275.153,5.807,5.807
1017.286,-2275.153,5.807,5.807
1013.138,-2275.153,5.805,5.805
1008.990,-2275.153,5.771,5.771
1004.842,-2275.153,5.696,5.696
1000.694,-2275.153,5.580,5.580
996.546,-2275.153,5.423,5.423
992.398,-2275.153,5.252,5.252
988.250,-2275.153,5.122,5.122
984.102,-2275.153,5.034,5.034
979.954,-2275.153,4.986,4.986
975.806,-2275.165,4.988,4.988
971.658,-2275.229,5.039,5.039
967.510,-2275.345,5.131,5.131
963.362,-2275.511,5.264,5.264
959.214,-2275.729,5.438,5.438
955.066,-2275.921,5.592,5.592
950.918,-2276.062,5.705,5.705
946.770,-2276.151,5.776,5.776
942.623,-2276.190,5.807,5.807
938.475,-2276.190,5.807,5.807
934.327,-2276.190,5.807,5.807
930.179,-2276.190,5.807,5.807
926.031,-2276.190,5.807,5.807
921.883,-2276.190,5.801,5.801
917.735,-2276.190,5.758,5.758
913.587,-2276.190,5.675,5.675
909.439,-2276.190,5.550,5.550
905.291,-2276.190,5.384,5.384
901.143,-2276.190,5.222,5.222
896.995,-2276.190,5.101,5.101
892.847,-2276.190,5.021,5.021
888.699,-2276.190,4.982,4.982
884.551,-2276.190,4.978,4.978
880.403,-2276.190,4.978,4.978
876.255,-2276.190,4.978,4.978
872.107,-2276.190,4.978,4.978
867.959,-2276.190,4.978,4.978
863.811,-2276.190,5.005,5.005
859.663,-2276.190,5.073,5.073
855.515,-2276.190,5.182,5.182
851.368,-2276.190,5.332,5.332
847.220,-2276.190,5.506,5.506
843.072,-2276.190,5.643,5.643
838.924,-2276.151,5.708,5.708
834.776,-2276.062,5.718,5.718
830.628,-2275.870,5.680,5.680
826.441,-2275.473,5.627,5.627
822.204,-2274.794,5.598,5.598
817.915,-2273.757,5.632,5.632
813.537,-2272.183,5.672,5.672
809.094,-2270.045,5.718,5.718
804.703,-2267.292,5.758,5.758
800.414,-2263.848,5.768,5.768
796.356,-2259.841,5.775,5.775
792.758,-2255.424,5.770,5.770
789.673,-2250.726,5.778,5.778
787.228,-2246.002,5.777,5.777
785.448,-2241.406,5.765,5.765
784.271,-2236.963,5.759,5.759
783.579,-2232.675,5.754,5.754
783.310,-2228.488,5.747,5.747
783.362,-2224.340,5.745,5.745
783.720,-2220.192,5.747,5.747
784.437,-2216.019,5.747,5.747
785.704,-2211.666,5.747,5.747
787.945,-2206.903,5.756,5.756
791.465,-2201.719,5.776,5.776
796.266,-2196.226,5.819,5.819
802.219,-2190.721,5.871,5.871
808.697,-2185.856,5.947,5.947
814.932,-2182.093,5.991,5.991
820.655,-2179.455,5.998,5.998
825.788,-2177.893,5.975,5.975
830.359,-2177.151,5.925,5.925
834.648,-2176.818,5.871,5.871
838.885,-2176.677,5.833,5.833
843.072,-2176.639,5.816,5.816
847.220,-2176.639,5.807,5.807
851.368,-2176.677,5.807,5.807
855.515,-2176.767,5.807,5.807
859.663,-2176.908,5.807,5.807
863.811,-2177.100,5.801,5.801
867.959,-2177.356,5.789,5.789
872.107,-2177.625,5.777,5.777
876.255,-2177.945,5.791,5.791
880.403,-2178.316,5.812,5.812
884.551,-2178.713,5.858,5.858
888.699,-2179.097,5.904,5.904
892.847,-2179.404,5.933,5.933
896.995,-2179.609,5.911,5.911
901.143,-2179.724,5.883,5.883
905.291,-2179.827,5.868,5.868
909.439,-2179.942,5.872,5.872
913.587,-2180.108,5.901,5.901
917.735,-2180.326,5.938,5.938
921.883,-2180.531,5.967,5.967
926.031,-2180.736,5.938,5.938
930.179,-2180.940,5.901,5.901
934.327,-2181.145,5.863,5.863
938.475,-2181.363,5.826,5.826
942.623,-2181.516,5.776,5.776
946.770,-2181.568,5.732,5.732
950.918,-2181.504,5.687,5.687
955.066,-2181.273,5.641,5.641
959.214,-2180.864,5.614,5.614
963.362,-2180.300,5.644,5.644
967.510,-2179.481,5.664,5.664
971.658,-2178.380,5.674,5.674
975.845,-2176.946,5.685,5.685
980.082,-2175.051,5.664,5.664
984.358,-2172.644,5.652,5.652
988.583,-2169.713,5.654,5.654
992.667,-2166.192,5.666,5.666
996.443,-2162.159,5.699,5.699
999.811,-2157.755,5.739,5.739
1002.755,-2153.095,5.788,5.788
1005.354,-2148.154,5.845,5.845
1007.646,-2143.020,5.881,5.881
1009.694,-2137.745,5.875,5.875
1011.563,-2132.279,5.855,5.855
1013.343,-2126.454,5.819,5.819
1014.994,-2120.526,5.786,5.786
1016.684,-2114.215,5.767,5.767
1018.489,-2107.404,5.758,5.758
1020.294,-2100.619,5.754,5.754
1022.138,-2093.731,5.742,5.742
1023.956,-2086.882,5.710,5.710
1025.569,-2080.596,5.659,5.659
1027.003,-2074.783,5.587,5.587
1028.308,-2069.278,5.500,5.500
1029.461,-2064.375,5.437,5.437
1030.587,-2059.766,5.404,5.404
1031.714,-2055.362,5.399,5.399
1032.841,-2051.163,5.431,5.431
1033.993,-2047.015,5.471,5.471
1035.145,-2042.867,5.512,5.512
1036.297,-2038.707,5.541,5.541
1037.475,-2034.456,5.544,5.544
1038.691,-2030.103,5.524,5.524
1039.933,-2025.648,5.474,5.474
1041.226,-2021.091,5.412,5.412
1042.557,-2016.533,5.358,5.358
1043.915,-2012.078,5.329,5.329
1045.297,-2007.725,5.316,5.316
1046.744,-2003.436,5.318,5.318
1048.267,-1999.186,5.337,5.337
1049.855,-1994.897,5.343,5.343
1051.532,-1990.467,5.349,5.349
1053.324,-1985.654,5.347,5.347
1055.206,-1980.533,5.355,5.355
1057.216,-1975.105,5.387,5.387
1059.354,-1969.369,5.412,5.412
1061.492,-1963.864,5.449,5.449
1063.579,-1958.730,5.475,5.475
1065.602,-1953.955,5.490,5.490
1067.522,-1949.538,5.481,5.481
1069.366,-1945.390,5.463,5.463
1071.209,-1941.230,5.436,5.436
1073.053,-1937.018,5.407,5.407
1074.896,-1932.754,5.378,5.378
1076.714,-1928.440,5.375,5.375
1078.532,-1924.074,5.386,5.386
1080.350,-1919.734,5.408,5.408
1082.168,-1915.446,5.440,5.440
1083.999,-1911.208,5.466,5.466
1085.842,-1907.022,5.484,5.484
1087.686,-1902.874,5.491,5.491
1089.529,-1898.726,5.493,5.493
1091.373,-1894.578,5.493,5.493
1093.216,-1890.430,5.493,5.493
1095.060,-1886.282,5.493,5.493
1096.903,-1882.134,5.493,5.493
1098.747,-1877.986,5.491,5.491
1100.590,-1873.838,5.472,5.472
1102.434,-1869.690,5.449,5.449
1104.277,-1865.504,5.423,5.423
1106.121,-1861.266,5.390,5.390
1107.952,-1856.977,5.376,5.376
1109.770,-1852.637,5.376,5.376
1111.588,-1848.272,5.396,5.396
1113.406,-1843.958,5.423,5.423
1115.223,-1839.694,5.454,5.454
1117.067,-1835.482,5.476,5.476
1118.911,-1831.322,5.488,5.488
1120.754,-1827.174,5.493,5.493
1122.598,-1823.013,5.497,5.497
1124.480,-1818.737,5.504,5.504
1126.554,-1814.064,5.521,5.521
1128.935,-1808.726,5.545,5.545
1131.623,-1802.721,5.577,5.577
1134.619,-1796.128,5.627,5.627
1137.730,-1789.356,5.695,5.695
1140.623,-1783.070,5.784,5.784
1143.209,-1777.449,5.884,5.884
1145.475,-1772.482,5.971,5.971
1147.409,-1768.053,6.010,6.010
1149.150,-1763.841,5.998,5.998
1150.891,-1759.577,5.944,5.944
1152.593,-1755.263,5.869,5.869
1154.322,-1750.897,5.824,5.824
1156.089,-1746.557,5.816,5.816
1157.817,-1742.269,5.827,5.827
1159.520,-1737.993,5.852,5.852
1161.248,-1733.717,5.863,5.863
1162.912,-1729.428,5.841,5.841
1164.538,-1725.088,5.818,5.818
1166.062,-1720.722,5.777,5.777
1167.380,-1716.408,5.716,5.716
1168.468,-1712.145,5.678,5.678
1169.313,-1707.933,5.654,5.654
1169.902,-1703.772,5.639,5.639
1170.312,-1699.624,5.682,5.682
1170.555,-1695.476,5.727,5.727
1170.670,-1691.328,5.754,5.754
1170.670,-1687.180,5.763,5.763
1170.555,-1683.032,5.749,5.749
1170.312,-1678.872,5.733,5.733
1169.864,-1674.660,5.711,5.711
1169.147,-1670.281,5.707,5.707
1168.110,-1665.698,5.689,5.689
1166.740,-1660.910,5.653,5.653
1164.986,-1655.917,5.615,5.615
1162.887,-1650.758,5.587,5.587
1159.993,-1645.150,5.600,5.600
1155.986,-1638.851,5.640,5.640
1150.801,-1631.874,5.690,5.690
1144.515,-1624.398,5.735,5.735
1137.461,-1616.729,5.776,5.776
1130.663,-1609.880,5.797,5.797
1124.403,-1604.042,5.806,5.806
1118.770,-1599.126,5.831,5.831
1113.738,-1594.991,5.844,5.844
1108.874,-1591.124,5.852,5.852
1103.996,-1587.271,5.852,5.852
1099.029,-1583.417,5.848,5.848
1094.023,-1579.692,5.842,5.842
1089.056,-1576.171,5.837,5.837
1084.178,-1572.958,5.818,5.818
1079.454,-1570.129,5.796,5.796
1074.871,-1567.619,5.756,5.756
1070.454,-1565.443,5.705,5.705
1066.152,-1563.561,5.665,5.665
1061.915,-1561.909,5.658,5.658
1057.728,-1560.450,5.665,5.665
1053.580,-1559.119,5.707,5.707
1049.432,-1557.877,5.753,5.753
1045.284,-1556.673,5.780,5.780
1041.136,-1555.534,5.804,5.804
1036.988,-1554.471,5.817,5.817
1032.841,-1553.537,5.812,5.812
1028.693,-1552.769,5.811,5.811
1024.545,-1552.180,5.809,5.809
1020.397,-1551.706,5.804,5.804
1016.249,-1551.348,5.804,5.804
1012.101,-1551.091,5.807,5.807
1007.953,-1550.899,5.807,5.807
1003.805,-1550.835,5.807,5.807
999.657,-1550.899,5.807,5.807
995.509,-1551.091,5.807,5.807
991.361,-1551.373,5.807,5.807
987.213,-1551.757,5.804,5.804
983.065,-1552.257,5.800,5.800
978.879,-1552.871,5.795,5.795
974.641,-1553.639,5.786,5.786
970.352,-1554.561,5.781,5.781
965.974,-1555.662,5.787,5.787
961.480,-1556.929,5.795,5.795
956.923,-1558.376,5.807,5.807
952.250,-1560.015,5.827,5.827
947.449,-1561.820,5.823,5.823
942.558,-1563.791,5.798,5.798
937.425,-1566.070,5.764,5.764
932.112,-1568.669,5.722,5.722
926.722,-1571.562,5.671,5.671
921.191,-1574.814,5.649,5.649
915.802,-1578.207,5.631,5.631
910.655,-1581.574,5.619,5.619
905.701,-1584.902,5.619,5.619
900.925,-1588.129,5.619,5.619
896.406,-1591.150,5.619,5.619
891.900,-1594.133,5.611,5.611
887.393,-1597.141,5.619,5.619
882.887,-1600.124,5.611,5.611
878.278,-1603.235,5.619,5.619
873.567,-1606.474,5.619,5.619
868.856,-1609.688,5.619,5.619
863.466,-1613.388,5.615,5.615
855.336,-1618.918,5.598,5.598
844.454,-1626.254,5.568,5.568
830.769,-1635.446,5.518,5.518
814.215,-1646.597,5.467,5.467
798.712,-1657.005,5.416,5.416
785.871,-1665.660,5.382,5.382
775.693,-1672.573,5.361,5.361
767.973,-1677.809,5.352,5.352
762.187,-1681.739,5.352,5.352
756.349,-1685.695,5.352,5.352
750.255,-1689.779,5.352,5.352
744.058,-1693.914,5.352,5.352
738.118,-1697.921,5.352,5.352
732.383,-1701.852,5.373,5.373
726.852,-1705.680,5.407,5.407
721.782,-1709.264,5.462,5.462
717.071,-1712.618,5.530,5.530
712.552,-1715.793,5.598,5.598
708.174,-1718.828,5.636,5.636
703.846,-1721.772,5.670,5.670
699.417,-1724.768,5.674,5.674
694.885,-1727.815,5.670,5.670
690.314,-1730.913,5.679,5.679
685.769,-1733.960,5.674,5.674
681.225,-1737.007,5.687,5.687
676.526,-1740.105,5.696,5.696
671.623,-1743.229,5.716,5.716
666.387,-1746.429,5.744,5.744
660.792,-1749.617,5.764,5.764
655.146,-1752.600,5.786,5.786
649.552,-1755.212,5.791,5.791
644.251,-1757.363,5.764,5.764
639.361,-1758.988,5.732,5.732
634.829,-1760.128,5.711,5.711
630.502,-1760.896,5.688,5.688
626.341,-1761.370,5.715,5.715
622.193,-1761.626,5.739,5.739
618.045,-1761.690,5.730,5.730
613.884,-1761.626,5.722,5.722
609.672,-1761.357,5.692,5.692
605.409,-1760.858,5.659,5.659
601.095,-1760.128,5.702,5.702
596.614,-1759.014,5.762,5.762
591.660,-1757.132,5.816,5.816
586.129,-1754.328,5.881,5.881
579.933,-1750.296,5.901,5.901
573.007,-1744.586,5.852,5.852
565.888,-1737.557,5.809,5.809
559.321,-1729.902,5.756,5.756
553.445,-1721.836,5.719,5.719
548.682,-1714.347,5.699,5.699
544.931,-1707.638,5.712,5.712
541.487,-1701.212,5.729,5.729
538.056,-1694.964,5.759,5.759
534.177,-1688.665,5.775,5.775
529.453,-1682.059,5.778,5.778
523.935,-1675.594,5.763,5.763
517.867,-1669.692,5.753,5.753
511.466,-1664.546,5.753,5.753
505.205,-1660.449,5.773,5.773
499.483,-1657.440,5.806,5.806
494.311,-1655.302,5.825,5.825
489.651,-1653.843,5.845,5.845
485.311,-1652.857,5.887,5.887
481.163,-1652.217,5.951,5.951
477.015,-1651.782,6.008,6.008
472.867,-1651.513,6.073,6.073
468.719,-1651.462,6.082,6.082
464.571,-1651.641,6.015,6.015
460.423,-1652.038,5.934,5.934
456.275,-1652.627,5.853,5.853
452.127,-1653.433,5.781,5.781
447.787,-1654.496,5.760,5.760
443.153,-1655.840,5.763,5.763
438.211,-1657.492,5.767,5.767
432.962,-1659.425,5.791,5.791
427.534,-1661.550,5.827,5.827
422.336,-1663.650,5.864,5.864
417.317,-1665.685,5.894,5.894
412.094,-1667.849,5.910,5.910
406.666,-1670.153,5.874,5.874
400.841,-1672.624,5.781,5.781
394.516,-1675.287,5.686,5.686
388.448,-1677.809,5.663,5.663
382.930,-1680.037,5.671,5.671
377.976,-1682.034,5.736,5.736
373.585,-1683.916,5.856,5.856
369.629,-1685.823,5.873,5.873
365.698,-1687.884,5.817,5.817
361.717,-1689.984,5.739,5.739
357.684,-1692.071,5.640,5.640
353.600,-1694.055,5.513,5.513
349.465,-1695.860,5.435,5.435
345.317,-1697.589,5.376,5.376
341.169,-1699.266,5.320,5.320
337.021,-1700.892,5.297,5.297
332.873,-1702.543,5.331,5.331
328.725,-1704.246,5.375,5.375
324.577,-1706.000,5.423,5.423
320.429,-1707.805,5.470,5.470
316.269,-1709.661,5.487,5.487
311.993,-1711.594,5.506,5.506
307.345,-1713.745,5.547,5.547
302.135,-1716.190,5.594,5.594
296.361,-1718.892,5.635,5.635
290.101,-1721.734,5.642,5.642
283.751,-1724.512,5.619,5.619
277.785,-1726.944,5.584,5.584
272.331,-1729.005,5.589,5.589
267.377,-1730.695,5.629,5.629
262.819,-1732.052,5.719,5.719
258.479,-1733.102,5.798,5.798
254.190,-1733.896,5.839,5.839
249.953,-1734.357,5.827,5.827
245.728,-1734.485,5.790,5.790
241.490,-1734.306,5.755,5.755
236.779,-1733.461,5.723,5.723
231.466,-1731.784,5.739,5.739
225.628,-1729.159,5.756,5.756
219.432,-1725.485,5.751,5.751
213.248,-1720.927,5.743,5.743
208.012,-1716.139,5.743,5.743
203.736,-1711.249,5.727,5.727
200.395,-1706.422,5.714,5.714
197.911,-1701.800,5.718,5.718
195.837,-1697.243,5.698,5.698
194.006,-1692.762,5.695,5.695
192.317,-1688.384,5.704,5.704
190.742,-1684.108,5.736,5.736
189.218,-1679.921,5.777,5.777
187.695,-1675.773,5.821,5.821
186.171,-1671.625,5.827,5.827
184.686,-1667.477,5.830,5.830
183.227,-1663.291,5.838,5.838
181.703,-1658.951,5.857,5.857
180.116,-1654.457,5.891,5.891
178.426,-1649.810,5.915,5.915
176.634,-1645.009,5.933,5.933
174.841,-1640.285,5.908,5.908
173.151,-1635.715,5.891,5.891
171.538,-1631.298,5.892,5.892
170.028,-1627.035,5.902,5.902
168.645,-1622.887,5.947,5.947
167.237,-1618.662,6.023,6.023
165.777,-1614.335,6.044,6.044
164.292,-1609.905,6.046,6.046
162.756,-1605.373,6.026,6.026
161.156,-1600.752,5.919,5.919
159.696,-1596.181,5.834,5.834
158.378,-1591.662,5.773,5.773
157.200,-1587.194,5.749,5.749
156.201,-1582.803,5.752,5.752
155.382,-1578.488,5.806,5.806
154.729,-1574.225,5.861,5.861
154.230,-1570.013,5.900,5.900
153.910,-1565.853,5.934,5.934
153.794,-1561.705,5.951,5.951
153.833,-1557.557,5.917,5.917
154.063,-1553.370,5.883,5.883
154.511,-1549.094,5.848,5.848
155.139,-1544.678,5.811,5.811
156.073,-1540.005,5.810,5.810
157.430,-1534.909,5.823,5.823
159.235,-1529.417,5.831,5.831
161.642,-1523.528,5.840,5.840
164.689,-1517.357,5.845,5.845
168.376,-1511.020,5.820,5.820
172.857,-1504.593,5.801,5.801
178.132,-1498.115,5.786,5.786
184.238,-1491.637,5.763,5.763
191.216,-1485.057,5.746,5.746
198.602,-1478.707,5.725,5.725
206.181,-1472.741,5.686,5.686
213.748,-1467.198,5.665,5.665
220.930,-1462.167,5.662,5.662
227.664,-1457.622,5.662,5.662
234.539,-1453.064,5.689,5.689
241.708,-1448.238,5.691,5.691
249.108,-1443.347,5.665,5.665
256.802,-1438.405,5.647,5.647
264.675,-1433.528,5.626,5.626
271.768,-1429.341,5.650,5.650
278.054,-1425.718,5.779,5.779
283.623,-1422.300,6.057,6.057
288.168,-1419.202,6.536,6.536
292.072,-1416.181,7.000,7.000
295.619,-1413.262,7.000,7.000
299.011,-1410.688,7.000,7.000
302.468,-1408.640,7.000,7.000
306.168,-1406.963,7.000,7.000
310.111,-1405.593,7.000,7.000
314.220,-1404.441,7.000,7.000
318.432,-1403.353,7.000,7.000
322.695,-1402.277,7.000,7.000
327.010,-1401.227,7.000,7.000
331.375,-1400.203,7.000,7.000
335.754,-1399.205,7.000,7.000
340.132,-1398.232,6.925,6.925
344.511,-1397.310,6.591,6.591
348.889,-1396.452,6.273,6.273
353.255,-1395.620,5.961,5.961
357.569,-1394.813,5.718,5.718
361.832,-1394.007,5.523,5.523
366.044,-1393.175,5.391,5.391
370.205,-1392.304,5.314,5.314
374.353,-1391.408,5.271,5.271
378.501,-1390.486,5.240,5.240
382.649,-1389.565,5.222,5.222
386.797,-1388.643,5.189,5.189
390.945,-1387.721,5.151,5.151
395.093,-1386.799,5.102,5.102
399.241,-1385.903,5.065,5.065
403.389,-1385.033,5.052,5.052
407.536,-1384.175,5.035,5.035
411.684,-1383.343,5.043,5.043
415.832,-1382.549,5.067,5.067
420.032,-1381.768,5.101,5.101
424.346,-1381.000,5.167,5.167
428.827,-1380.206,5.266,5.266
433.512,-1379.374,5.357,5.357
438.416,-1378.465,5.440,5.440
443.396,-1377.569,5.474,5.474
448.350,-1376.711,5.464,5.464
453.177,-1375.904,5.439,5.439
457.824,-1375.175,5.433,5.433
462.266,-1374.509,5.423,5.423
466.568,-1373.856,5.438,5.438
470.780,-1373.229,5.425,5.425
474.941,-1372.653,5.392,5.392
479.089,-1372.077,5.338,5.338
483.237,-1371.539,5.318,5.318
487.385,-1370.988,5.347,5.347
491.533,-1370.412,5.379,5.379
495.680,-1369.811,5.430,5.430
499.828,-1369.222,5.447,5.447
503.976,-1368.710,5.464,5.464
508.124,-1368.287,5.465,5.465
512.272,-1368.018,5.520,5.520
516.420,-1367.865,5.605,5.605
520.568,-1367.801,5.679,5.679
524.716,-1367.788,5.710,5.710
528.864,-1367.801,5.679,5.679
533.012,-1367.865,5.610,5.610
537.160,-1367.980,5.502,5.502
541.308,-1368.185,5.429,5.429
545.456,-1368.492,5.415,5.415
549.604,-1368.838,5.391,5.391
553.752,-1369.234,5.388,5.388
557.913,-1369.670,5.415,5.415
562.125,-1370.105,5.415,5.415
566.388,-1370.566,5.435,5.435
570.702,-1371.065,5.464,5.464
575.068,-1371.616,5.477,5.477
579.408,-1372.192,5.463,5.463
583.696,-1372.819,5.414,5.414
587.934,-1373.434,5.313,5.313
592.120,-1374.010,5.218,5.218
596.268,-1374.547,5.113,5.113
600.455,-1375.047,5.055,5.055
604.692,-1375.508,5.033,5.033
608.981,-1375.968,5.051,5.051
613.321,-1376.429,5.118,5.118
617.687,-1376.890,5.203,5.203
622.001,-1377.351,5.285,5.285
626.264,-1377.812,5.367,5.367
630.476,-1378.273,5.418,5.418
634.637,-1378.734,5.459,5.459
638.798,-1379.169,5.457,5.457
643.010,-1379.604,5.453,5.453
647.273,-1380.065,5.473,5.473
651.587,-1380.564,5.461,5.461
655.953,-1381.128,5.462,5.462
660.293,-1381.755,5.442,5.442
664.582,-1382.408,5.372,5.372
668.819,-1383.035,5.271,5.271
673.006,-1383.611,5.181,5.181
677.153,-1384.124,5.084,5.084
681.301,-1384.572,5.022,5.022
685.449,-1385.007,5.003,5.003
689.610,-1385.417,4.999,4.999
693.822,-1385.826,5.033,5.033
698.085,-1386.262,5.077,5.077
702.400,-1386.697,5.152,5.152
706.765,-1387.145,5.227,5.227
711.105,-1387.606,5.298,5.298
715.394,-1388.067,5.372,5.372
719.632,-1388.528,5.414,5.414
723.818,-1388.988,5.438,5.438
727.966,-1389.437,5.446,5.446
732.114,-1389.833,5.405,5.405
736.262,-1390.166,5.346,5.346
740.410,-1390.409,5.257,5.257
744.558,-1390.602,5.201,5.201
748.706,-1390.781,5.216,5.216
752.854,-1390.960,5.292,5.292
757.002,-1391.178,5.438,5.438
761.150,-1391.331,5.561,5.561
765.297,-1391.382,5.602,5.602
769.445,-1391.331,5.561,5.561
773.593,-1391.178,5.443,5.443
777.741,-1390.960,5.308,5.308
781.889,-1390.755,5.224,5.224
786.037,-1390.550,5.194,5.194
790.185,-1390.333,5.209,5.209
794.333,-1390.064,5.245,5.245
798.520,-1389.693,5.260,5.260
802.795,-1389.232,5.286,5.286
807.174,-1388.630,5.294,5.294
811.655,-1387.939,5.298,5.298
816.212,-1387.158,5.309,5.309
820.744,-1386.313,5.272,5.272
825.174,-1385.455,5.227,5.227
829.514,-1384.584,5.186,5.186
833.803,-1383.675,5.166,5.166
838.079,-1382.715,5.181,5.181
842.406,-1381.640,5.207,5.207
846.836,-1380.436,5.228,5.228
851.291,-1379.156,5.253,5.253
855.746,-1377.812,5.270,5.270
860.201,-1376.429,5.275,5.275
864.733,-1374.995,5.284,5.284
869.380,-1373.459,5.292,5.292
874.181,-1371.782,5.297,5.297
879.136,-1369.977,5.315,5.315
884.154,-1368.044,5.342,5.342
889.006,-1366.072,5.382,5.382
893.807,-1364.011,5.395,5.395
898.621,-1361.835,5.417,5.417
903.639,-1359.389,5.434,5.434
909.861,-1356.112,5.426,5.426
917.850,-1351.618,5.431,5.431
927.836,-1345.729,5.445,5.445
939.640,-1338.560,5.437,5.437
952.621,-1330.482,5.416,5.416
964.822,-1322.724,5.399,5.399
975.832,-1315.657,5.373,5.373
985.626,-1309.332,5.352,5.352
994.139,-1303.815,5.348,5.348
1002.217,-1298.617,5.348,5.348
1010.424,-1293.368,5.348,5.348
1018.169,-1288.375,5.348,5.348
1025.402,-1283.664,5.344,5.344
1032.175,-1279.234,5.329,5.329
1038.384,-1275.137,5.303,5.303
1044.119,-1271.309,5.274,5.274
1049.394,-1267.712,5.250,5.250
1054.259,-1264.281,5.231,5.231
1058.714,-1260.940,5.252,5.252
1062.875,-1257.560,5.285,5.285
1066.959,-1253.937,5.288,5.288
1070.979,-1249.994,5.288,5.288
1074.909,-1245.743,5.270,5.270
1078.762,-1241.122,5.269,5.269
1082.488,-1236.231,5.315,5.315
1085.970,-1231.251,5.413,5.413
1089.171,-1226.220,5.514,5.514
1091.962,-1221.368,5.589,5.589
1094.343,-1216.772,5.607,5.607
1096.417,-1212.355,5.569,5.569
1098.286,-1208.053,5.548,5.548
1100.002,-1203.816,5.547,5.547
1101.576,-1199.527,5.569,5.569
1103.010,-1195.187,5.646,5.646
1104.265,-1190.821,5.719,5.719
1105.378,-1186.507,5.770,5.770
1106.428,-1182.205,5.823,5.823
1107.478,-1177.904,5.871,5.871
1108.566,-1173.602,5.896,5.896
1109.680,-1169.262,5.919,5.919
1110.794,-1164.897,5.872,5.872
1111.844,-1160.582,5.771,5.771
1112.791,-1156.319,5.621,5.621
1113.636,-1152.107,5.438,5.438
1114.404,-1147.946,5.291,5.291
1115.147,-1143.798,5.238,5.238
1115.966,-1139.650,5.263,5.263
1116.888,-1135.502,5.348,5.348
1117.886,-1131.354,5.451,5.451
1118.936,-1127.206,5.501,5.501
1119.960,-1123.059,5.488,5.488
1120.908,-1118.911,5.410,5.410
1121.804,-1114.763,5.311,5.311
1122.674,-1110.615,5.205,5.205
1123.519,-1106.467,5.125,5.125
1124.390,-1102.319,5.097,5.097
1125.312,-1098.171,5.121,5.121
1126.272,-1093.972,5.184,5.184
1127.309,-1089.670,5.291,5.291
1128.435,-1085.266,5.412,5.412
1129.600,-1080.760,5.508,5.508
1130.766,-1076.176,5.545,5.545
1131.879,-1071.670,5.518,5.518
1132.916,-1067.266,5.432,5.432
1133.851,-1062.964,5.316,5.316
1134.760,-1058.765,5.229,5.229
1135.656,-1054.617,5.181,5.181
1136.552,-1050.469,5.174,5.174
1137.500,-1046.283,5.230,5.230
1138.511,-1042.007,5.320,5.320
1139.574,-1037.629,5.415,5.415
1140.687,-1033.148,5.505,5.505
1141.827,-1028.590,5.551,5.551
1142.915,-1024.058,5.524,5.524
1143.952,-1019.629,5.450,5.450
1144.938,-1015.301,5.356,5.356
1145.859,-1011.077,5.258,5.258
1146.756,-1006.916,5.202,5.202
1147.665,-1002.768,5.196,5.196
1148.599,-998.620,5.222,5.222
1149.559,-994.472,5.280,5.280
1150.596,-990.324,5.351,5.351
1151.685,-986.176,5.401,5.401
1152.798,-982.028,5.406,5.406
1153.951,-977.880,5.374,5.374
1155.141,-973.732,5.317,5.317
1156.383,-969.584,5.276,5.276
1157.676,-965.436,5.266,5.266
1159.020,-961.288,5.280,5.280
1160.390,-957.140,5.301,5.301
1161.773,-952.992,5.315,5.315
1163.194,-948.832,5.327,5.327
1164.704,-944.530,5.334,5.334
1166.420,-939.819,5.363,5.363
1168.379,-934.698,5.419,5.419
1170.581,-929.167,5.475,5.475
1173.333,-922.651,5.542,5.542
1176.815,-915.033,5.582,5.582
1181.040,-906.341,5.580,5.580
